{"cameraMode":{"drawMode":0,"name":"Shaded","section":"Shading Mode"},"sceneLighting":false,"audioPlay":false,"sceneViewState":{"showFog":true,"showMaterialUpdate":false,"showSkybox":true,"showFlares":true,"showImageEffects":true,"showParticleSystems":true},"in2DMode":false,"pivot":{"x":-2.4692111015319826,"y":5.655696868896484,"z":0.5345755815505981},"rotation":{"x":0.08688054978847504,"y":-0.014942711219191552,"z":0.001303305965848267,"w":0.9961058497428894},"size":17.129547119140626,"orthographic":false}